DateTime,"(deg C) Mean Temperature (gridMET) at -107.0671E,38.9968N, 2015-06-01 to 2020-10-01"
6/1/15,8.8084
6/2/15,8.7131
6/3/15,8.6882
6/4/15,9.0483
6/5/15,5.2586
6/6/15,3.9083
6/7/15,5.9236
6/8/15,7.4233
6/9/15,9.6133
6/10/15,7.1387
6/11/15,6.9781
6/12/15,7.4537
6/13/15,8.6533
6/14/15,8.0632
6/15/15,9.0934
6/16/15,9.3637
6/17/15,10.4935
6/18/15,11.7736
6/19/15,12.5031
6/20/15,12.7033
6/21/15,13.4485
6/22/15,13.6483
6/23/15,13.1535
6/24/15,12.3131
6/25/15,12.1679
6/26/15,13.0333
6/27/15,13.3128
6/28/15,13.7785
6/29/15,13.3879
6/30/15,14.6584
7/1/15,14.0687
7/2/15,13.2986
7/3/15,12.4235
7/4/15,11.6788
7/5/15,8.9687
7/6/15,9.5685
7/7/15,8.2035
7/8/15,6.1837
7/9/15,7.9786
7/10/15,8.3388
7/11/15,8.1583
7/12/15,11.2038
7/13/15,11.5136
7/14/15,9.6586
7/15/15,8.1035
7/16/15,9.3433
7/17/15,10.4386
7/18/15,9.7887
7/19/15,7.9688
7/20/15,9.9385
7/21/15,8.2335
7/22/15,10.0587
7/23/15,11.6535
7/24/15,8.2336
7/25/15,10.3289
7/26/15,9.3431
7/27/15,11.3785
7/28/15,10.1888
7/29/15,11.114
7/30/15,11.9486
7/31/15,11.7447
8/1/15,11.8845
8/2/15,10.7244
8/3/15,9.6797
8/4/15,9.6442
8/5/15,11.5143
8/6/15,11.1594
8/7/15,10.7144
8/8/15,9.4546
8/9/15,9.6646
8/10/15,11.3496
8/11/15,11.3291
8/12/15,11.0991
8/13/15,12.0544
8/14/15,13.0097
8/15/15,13.7893
8/16/15,13.4245
8/17/15,10.0443
8/18/15,8.1092
8/19/15,7.3442
8/20/15,9.1897
8/21/15,10.0143
8/22/15,11.0044
8/23/15,11.4795
8/24/15,12.1489
8/25/15,12.7589
8/26/15,11.3544
8/27/15,7.5245
8/28/15,8.7944
8/29/15,10.8997
8/30/15,11.8098
8/31/15,9.1228
9/1/15,9.8124
9/2/15,9.6876
9/3/15,7.2027
9/4/15,5.6883
9/5/15,7.738
9/6/15,8.6482
9/7/15,7.6676
9/8/15,7.9726
9/9/15,8.4229
9/10/15,9.1627
9/11/15,9.3776
9/12/15,10.0276
9/13/15,9.0127
9/14/15,8.1279
9/15/15,5.4932
9/16/15,8.1729
9/17/15,8.5828
9/18/15,6.3327
9/19/15,6.3228
9/20/15,7.1683
9/21/15,9.0284
9/22/15,8.7729
9/23/15,9.0579
9/24/15,9.6632
9/25/15,10.238
9/26/15,10.4524
9/27/15,10.1383
9/28/15,10.083
9/29/15,9.2132
9/30/15,9.1881
10/1/15,10.708
10/2/15,7.628
10/3/15,5.0579
10/4/15,5.8077
10/5/15,4.3932
10/6/15,5.243
10/7/15,5.0578
10/8/15,6.0581
10/9/15,7.2429
10/10/15,7.9026
10/11/15,7.1329
10/12/15,7.1074
10/13/15,7.403
10/14/15,7.7729
10/15/15,7.7131
10/16/15,7.363
10/17/15,6.0982
10/18/15,5.413
10/19/15,3.498
10/20/15,3.4627
10/21/15,1.8776
10/22/15,-0.5372
10/23/15,-0.9621
10/24/15,-0.5574
10/25/15,1.9427
10/26/15,-0.247
10/27/15,-4.4269
10/28/15,-3.6174
10/29/15,0.5281
10/30/15,-2.5219
10/31/15,1.1141
11/1/15,2.3441
11/2/15,4.3792
11/3/15,2.7244
11/4/15,-2.5906
11/5/15,-4.6554
11/6/15,-9.1858
11/7/15,-7.2756
11/8/15,-2.9759
11/9/15,-2.3406
11/10/15,-2.4655
11/11/15,-9.0811
11/12/15,-6.6908
11/13/15,-4.1408
11/14/15,-1.5761
11/15/15,-1.5111
11/16/15,-3.9007
11/17/15,-6.3909
11/18/15,-6.0607
11/19/15,-3.6056
11/20/15,-7.5012
11/21/15,-10.4057
11/22/15,-2.5006
11/23/15,-1.5959
11/24/15,-1.9357
11/25/15,-1.5509
11/26/15,-4.7353
11/27/15,-6.0007
11/28/15,-6.4861
11/29/15,-8.6407
11/30/15,-12.5445
12/1/15,-12.1599
12/2/15,-6.9696
12/3/15,-3.5047
12/4/15,-0.3796
12/5/15,-8.5997
12/6/15,-4.9644
12/7/15,-1.9894
12/8/15,-1.5494
12/9/15,-0.5197
12/10/15,-1.0395
12/11/15,-1.3792
12/12/15,-5.9496
12/13/15,-6.4546
12/14/15,-7.1294
12/15/15,-12.3195
12/16/15,-12.8948
12/17/15,-14.9696
12/18/15,-5.7547
12/19/15,-3.1898
12/20/15,-4.5595
12/21/15,-5.4494
12/22/15,-5.4343
12/23/15,-11.8144
12/24/15,-16.4046
12/25/15,-10.5345
12/26/15,-15.18
12/27/15,-9.9494
12/28/15,-9.6795
12/29/15,-10.0393
12/30/15,-14.5149
12/31/15,-12.9612
1/1/16,-12.9612
1/2/16,-8.6012
1/3/16,-4.4662
1/4/16,-3.5212
1/5/16,-4.9512
1/6/16,-4.5862
1/7/16,-8.9012
1/8/16,-9.4912
1/9/16,-11.7862
1/10/16,-13.4912
1/11/16,-11.6712
1/12/16,-7.3362
1/13/16,-4.6412
1/14/16,-8.7012
1/15/16,-9.0012
1/16/16,-9.9762
1/17/16,-8.1962
1/18/16,-5.5262
1/19/16,-4.6462
1/20/16,-8.9762
1/21/16,-9.7412
1/22/16,-3.5012
1/23/16,-1.4712
1/24/16,-6.9362
1/25/16,-11.5962
1/26/16,-11.7712
1/27/16,-5.3612
1/28/16,-2.5812
1/29/16,-2.4062
1/30/16,-2.8962
1/31/16,-7.9074
2/1/16,-3.5804
2/2/16,-6.2204
2/3/16,-5.3769
2/4/16,-3.8909
2/5/16,-2.8414
2/6/16,-4.5785
2/7/16,-3.1739
2/8/16,-1.5174
2/9/16,2.3031
2/10/16,2.7181
2/11/16,-2.9289
2/12/16,-0.8954
2/13/16,-4.5454
2/14/16,-6.2509
2/15/16,-4.9389
2/16/16,-1.5554
2/17/16,-2.2254
2/18/16,-0.6499
2/19/16,-1.7369
2/20/16,-5.0389
2/21/16,0.0271
2/22/16,-0.8299
2/23/16,-8.7729
2/24/16,-13.7214
2/25/16,-16.3824
2/26/16,-14.7764
2/27/16,-10.2824
2/28/16,-12.2269
2/29/16,-12.3334
3/1/16,-2.4969
3/2/16,-0.5919
3/3/16,-0.7769
3/4/16,1.7231
3/5/16,2.0131
3/6/16,-0.8119
3/7/16,-6.3969
3/8/16,-6.8569
3/9/16,-6.3569
3/10/16,-1.1919
3/11/16,2.3181
3/12/16,1.7431
3/13/16,0.0481
3/14/16,-3.6469
3/15/16,-7.9869
3/16/16,-7.4569
3/17/16,-2.4069
3/18/16,-4.4719
3/19/16,-4.6419
3/20/16,-2.4619
3/21/16,3.2381
3/22/16,-0.7219
3/23/16,-6.3219
3/24/16,-4.5869
3/25/16,-8.0169
3/26/16,-8.9519
3/27/16,-7.3269
3/28/16,-0.2619
3/29/16,-2.9269
3/30/16,-7.2969
3/31/16,-7.3087
4/1/16,-7.4087
4/2/16,-3.2287
4/3/16,0.2763
4/4/16,2.2913
4/5/16,-2.5437
4/6/16,-1.4537
4/7/16,3.0613
4/8/16,4.6613
4/9/16,2.6013
4/10/16,2.4913
4/11/16,2.2263
4/12/16,2.0063
4/13/16,3.1913
4/14/16,4.1113
4/15/16,-0.2087
4/16/16,-3.7637
4/17/16,-2.0237
4/18/16,-2.9637
4/19/16,-3.1687
4/20/16,0.3163
4/21/16,2.0763
4/22/16,5.9163
4/23/16,2.6213
4/24/16,1.3663
4/25/16,1.4363
4/26/16,-1.7037
4/27/16,-0.1137
4/28/16,1.4863
4/29/16,-1.7837
4/30/16,-1.9011
5/1/16,-2.4661
5/2/16,0.7339
5/3/16,2.6089
5/4/16,5.0539
5/5/16,7.1289
5/6/16,6.6189
5/7/16,1.1739
5/8/16,0.5839
5/9/16,1.3939
5/10/16,0.2239
5/11/16,-0.6161
5/12/16,1.7889
5/13/16,5.6889
5/14/16,7.4439
5/15/16,3.9889
5/16/16,3.2939
5/17/16,3.2739
5/18/16,4.0339
5/19/16,4.0239
5/20/16,7.3039
5/21/16,8.0689
5/22/16,3.8139
5/23/16,3.6289
5/24/16,4.9489
5/25/16,4.0489
5/26/16,3.2589
5/27/16,1.9889
5/28/16,3.2439
5/29/16,5.9839
5/30/16,6.4489
5/31/16,5.3446
6/1/16,6.6946
6/2/16,7.3196
6/3/16,8.5096
6/4/16,9.3446
6/5/16,9.9696
6/6/16,10.3046
6/7/16,10.3896
6/8/16,9.2996
6/9/16,10.4946
6/10/16,11.7646
6/11/16,10.1696
6/12/16,8.7846
6/13/16,5.6346
6/14/16,5.7346
6/15/16,9.2796
6/16/16,8.9596
6/17/16,10.5496
6/18/16,11.7896
6/19/16,13.0446
6/20/16,14.8096
6/21/16,14.6146
6/22/16,13.1646
6/23/16,12.1096
6/24/16,11.3996
6/25/16,11.8946
6/26/16,12.0196
6/27/16,12.4596
6/28/16,12.7446
6/29/16,12.1646
6/30/16,10.2972
7/1/16,7.6022
7/2/16,8.6672
7/3/16,8.9372
7/4/16,10.2172
7/5/16,11.5572
7/6/16,11.6222
7/7/16,11.8572
7/8/16,11.8822
7/9/16,12.9972
7/10/16,12.5472
7/11/16,9.8422
7/12/16,10.9922
7/13/16,12.1272
7/14/16,11.6572
7/15/16,12.6272
7/16/16,13.3872
7/17/16,13.5272
7/18/16,12.6822
7/19/16,11.5022
7/20/16,11.9922
7/21/16,12.2822
7/22/16,12.4372
7/23/16,12.8422
7/24/16,13.4172
7/25/16,13.1622
7/26/16,12.1572
7/27/16,13.0272
7/28/16,14.0622
7/29/16,13.5672
7/30/16,13.1722
7/31/16,12.3819
8/1/16,12.3519
8/2/16,13.2919
8/3/16,13.3319
8/4/16,8.9919
8/5/16,8.7469
8/6/16,9.5619
8/7/16,11.2819
8/8/16,10.7869
8/9/16,11.4069
8/10/16,10.8169
8/11/16,9.9219
8/12/16,9.1119
8/13/16,9.6619
8/14/16,10.7869
8/15/16,11.1969
8/16/16,10.7619
8/17/16,10.0469
8/18/16,8.4719
8/19/16,8.8669
8/20/16,9.7169
8/21/16,10.9519
8/22/16,9.2519
8/23/16,8.0119
8/24/16,8.0569
8/25/16,6.8219
8/26/16,6.4219
8/27/16,6.3419
8/28/16,7.6919
8/29/16,7.2319
8/30/16,8.0269
8/31/16,9.9853
9/1/16,10.6953
9/2/16,8.8653
9/3/16,8.3003
9/4/16,8.0603
9/5/16,9.3753
9/6/16,9.4253
9/7/16,8.6903
9/8/16,8.6553
9/9/16,8.0903
9/10/16,8.0253
9/11/16,9.1953
9/12/16,8.0653
9/13/16,6.8203
9/14/16,7.0903
9/15/16,4.7203
9/16/16,4.9553
9/17/16,5.5553
9/18/16,7.4503
9/19/16,9.9453
9/20/16,8.9553
9/21/16,6.7303
9/22/16,10.1953
9/23/16,1.8053
9/24/16,-1.1747
9/25/16,1.9403
9/26/16,5.9703
9/27/16,8.3353
9/28/16,9.1053
9/29/16,7.3103
9/30/16,6.3007
10/1/16,6.7657
10/2/16,6.9907
10/3/16,0.8807
10/4/16,-0.5843
10/5/16,0.4612
10/6/16,-2.6888
10/7/16,-0.1678
10/8/16,4.0732
10/9/16,5.3262
10/10/16,4.7987
10/11/16,4.7182
10/12/16,3.1812
10/13/16,5.1132
10/14/16,6.8167
10/15/16,8.4077
10/16/16,7.6447
10/17/16,4.4147
10/18/16,2.4842
10/19/16,-1.5173
10/20/16,0.2927
10/21/16,4.9592
10/22/16,6.1762
10/23/16,6.4332
10/24/16,6.2607
10/25/16,2.3932
10/26/16,3.7607
10/27/16,6.3907
10/28/16,7.6417
10/29/16,5.2252
10/30/16,4.9997
10/31/16,5.3089
11/1/16,4.3934
11/2/16,1.4293
11/3/16,3.2959
11/4/16,4.9438
11/5/16,2.2848
11/6/16,1.8063
11/7/16,2.3964
11/8/16,3.4109
11/9/16,5.0693
11/10/16,5.2364
11/11/16,3.3063
11/12/16,2.2353
11/13/16,0.8739
11/14/16,2.4233
11/15/16,5.1814
11/16/16,3.6794
11/17/16,-5.3106
11/18/16,-8.7276
11/19/16,-1.2106
11/20/16,3.3084
11/21/16,0.2849
11/22/16,-5.2732
11/23/16,-4.6577
11/24/16,-8.1376
11/25/16,-5.1102
11/26/16,-4.7991
11/27/16,-6.1767
11/28/16,-9.5786
11/29/16,-13.1292
11/30/16,-15.1742
12/1/16,-10.1167
12/2/16,-9.7137
12/3/16,-11.0502
12/4/16,-8.7552
12/5/16,-7.9862
12/6/16,-9.9022
12/7/16,-17.8227
12/8/16,-14.2682
12/9/16,-3.8922
12/10/16,-1.1307
12/11/16,-3.9257
12/12/16,-5.2277
12/13/16,-5.6262
12/14/16,-1.6647
12/15/16,0.3353
12/16/16,-3.5467
12/17/16,-14.2607
12/18/16,-16.2287
12/19/16,-10.7442
12/20/16,-4.0592
12/21/16,-2.8282
12/22/16,-2.5672
12/23/16,-3.2037
12/24/16,-2.6402
12/25/16,-7.9467
12/26/16,-13.0012
12/27/16,-8.5822
12/28/16,-6.9242
12/29/16,-5.7147
12/30/16,-4.1192
12/31/16,-4.5877
1/1/17,-6.8
1/2/17,-5.45
1/3/17,-6.5
1/4/17,-5.05
1/5/17,-8.9
1/6/17,-15.95
1/7/17,-10.7
1/8/17,-1.7
1/9/17,-2.1
1/10/17,-4.7
1/11/17,-4.35
1/12/17,-4.05
1/13/17,-1.95
1/14/17,-1.25
1/15/17,-0.5
1/16/17,-2.55
1/17/17,-4.35
1/18/17,-6.5
1/19/17,-4.15
1/20/17,-5.75
1/21/17,-4.65
1/22/17,-8.85
1/23/17,-6.2
1/24/17,-10.25
1/25/17,-13.25
1/26/17,-16
1/27/17,-14.8
1/28/17,-9.15
1/29/17,-4.85
1/30/17,-2.9
1/31/17,1.65
2/1/17,2.6
2/2/17,2.8
2/3/17,2.75
2/4/17,2.5
2/5/17,0.85
2/6/17,-4.15
2/7/17,-3.3
2/8/17,0.7
2/9/17,1.95
2/10/17,-5.5
2/11/17,-8.45
2/12/17,-3.1
2/13/17,1.7
2/14/17,1.65
2/15/17,-3.7
2/16/17,-5.9
2/17/17,-2.6
2/18/17,1.65
2/19/17,-3.8
2/20/17,-10.3
2/21/17,-10.5
2/22/17,-5.5
2/23/17,-5.9
2/24/17,-8.7
2/25/17,-9.2
2/26/17,-4.05
2/27/17,-1.05
2/28/17,-6.1
3/1/17,-6.15
3/2/17,-8.35
3/3/17,-4.05
3/4/17,-2.2
3/5/17,-0.6
3/6/17,-9.1
3/7/17,-8.35
3/8/17,-0.8
3/9/17,2
3/10/17,1.9
3/11/17,2.4
3/12/17,-0.45
3/13/17,-0.95
3/14/17,2.4
3/15/17,3.65
3/16/17,4.2
3/17/17,4.5
3/18/17,5.6
3/19/17,5.3
3/20/17,5.85
3/21/17,4.4
3/22/17,3.95
3/23/17,1.5
3/24/17,-0.8
3/25/17,0.85
3/26/17,0.25
3/27/17,0.65
3/28/17,0.5
3/29/17,-0.6
3/30/17,0.95
3/31/17,-0.15
4/1/17,-1.2
4/2/17,0.15
4/3/17,-4.6
4/4/17,-8.15
4/5/17,-6.75
4/6/17,0.35
4/7/17,4
4/8/17,2.75
4/9/17,-5.1
4/10/17,-3.7
4/11/17,-0.35
4/12/17,5.05
4/13/17,6.35
4/14/17,4.3
4/15/17,2.95
4/16/17,3.4
4/17/17,4
4/18/17,5.65
4/19/17,2.6
4/20/17,1.45
4/21/17,-2.55
4/22/17,-1.45
4/23/17,4.15
4/24/17,1.2
4/25/17,-2.55
4/26/17,-2.1
4/27/17,-4.8
4/28/17,-5.65
4/29/17,-5.4
4/30/17,-2.35
5/1/17,0.8
5/2/17,0.7
5/3/17,1.55
5/4/17,5.45
5/5/17,8
5/6/17,8.5
5/7/17,6.25
5/8/17,6.1
5/9/17,5.05
5/10/17,3.8
5/11/17,5.65
5/12/17,6.8
5/13/17,8.1
5/14/17,6.65
5/15/17,6.9
5/16/17,3.7
5/17/17,-0.75
5/18/17,-1.75
5/19/17,-2
5/20/17,-1.45
5/21/17,2.2
5/22/17,2.9
5/23/17,1.2
5/24/17,6.6
5/25/17,6.75
5/26/17,6.05
5/27/17,2
5/28/17,3.9
5/29/17,5.95
5/30/17,7.35
5/31/17,7.45
6/1/17,8.15
6/2/17,6.25
6/3/17,7.65
6/4/17,10.25
6/5/17,10.45
6/6/17,9.9
6/7/17,10.05
6/8/17,10.25
6/9/17,10.2
6/10/17,12.15
6/11/17,10.15
6/12/17,8.8
6/13/17,5.15
6/14/17,7.05
6/15/17,9.65
6/16/17,10.75
6/17/17,11.65
6/18/17,10.75
6/19/17,11.3
6/20/17,13.2
6/21/17,13.45
6/22/17,12.3
6/23/17,10.65
6/24/17,10.45
6/25/17,11.05
6/26/17,11.65
6/27/17,12.25
6/28/17,11.45
6/29/17,10.4
6/30/17,9.25
7/1/17,10.2
7/2/17,11.75
7/3/17,10.65
7/4/17,12.4
7/5/17,14.15
7/6/17,13.9
7/7/17,13.25
7/8/17,12.9
7/9/17,14.05
7/10/17,13.85
7/11/17,11.95
7/12/17,10.35
7/13/17,10.35
7/14/17,11.25
7/15/17,12.1
7/16/17,12.45
7/17/17,12.9
7/18/17,13.6
7/19/17,12.55
7/20/17,12.85
7/21/17,12.1
7/22/17,12.05
7/23/17,12.35
7/24/17,12.65
7/25/17,11.5
7/26/17,12.2
7/27/17,12.9
7/28/17,12.1
7/29/17,9.1
7/30/17,11.9
7/31/17,11.4
8/1/17,11.75
8/2/17,11.85
8/3/17,10.15
8/4/17,11.1
8/5/17,10.25
8/6/17,10.35
8/7/17,9.65
8/8/17,7
8/9/17,8.95
8/10/17,9.3
8/11/17,10.1
8/12/17,9.75
8/13/17,9.6
8/14/17,10.7
8/15/17,9.15
8/16/17,8.75
8/17/17,8.55
8/18/17,10.7
8/19/17,10.95
8/20/17,11.55
8/21/17,11.35
8/22/17,11
8/23/17,10.3
8/24/17,8.95
8/25/17,10.5
8/26/17,12.2
8/27/17,12.55
8/28/17,12.15
8/29/17,12.85
8/30/17,12.8
8/31/17,11.75
9/1/17,10.25
9/2/17,12.25
9/3/17,13
9/4/17,13.5
9/5/17,12.05
9/6/17,11.2
9/7/17,11.1
9/8/17,11.65
9/9/17,11
9/10/17,10.35
9/11/17,10.05
9/12/17,10.65
9/13/17,10.1
9/14/17,7.65
9/15/17,5
9/16/17,3.95
9/17/17,4.7
9/18/17,6.4
9/19/17,8.35
9/20/17,8.35
9/21/17,8.3
9/22/17,7.2
9/23/17,3.05
9/24/17,1.35
9/25/17,0.75
9/26/17,3.15
9/27/17,4.95
9/28/17,3.65
9/29/17,4.45
9/30/17,3.6
10/1/17,1.65
10/2/17,-0.65
10/3/17,2.2
10/4/17,8.15
10/5/17,7.8
10/6/17,1.5
10/7/17,3.95
10/8/17,4.65
10/9/17,-4.95
10/10/17,-1.95
10/11/17,3.4
10/12/17,5.5
10/13/17,3.8
10/14/17,-1.2
10/15/17,1.9
10/16/17,4.65
10/17/17,4.7
10/18/17,5.45
10/19/17,6.8
10/20/17,2.95
10/21/17,-5.2
10/22/17,-0.85
10/23/17,3.25
10/24/17,1.25
10/25/17,4.3
10/26/17,1.2
10/27/17,-1.45
10/28/17,0.05
10/29/17,2.55
10/30/17,1.45
10/31/17,1.9
11/1/17,2.85
11/2/17,3.85
11/3/17,3.7
11/4/17,1.8
11/5/17,0.95
11/6/17,-0.2
11/7/17,-1.15
11/8/17,-4.25
11/9/17,0.35
11/10/17,3.25
11/11/17,-0.25
11/12/17,-0.4
11/13/17,4.1
11/14/17,1.5
11/15/17,0.2
11/16/17,2.65
11/17/17,-3.95
11/18/17,-8.95
11/19/17,-6.05
11/20/17,-3.65
11/21/17,-1.05
11/22/17,0.6
11/23/17,2.35
11/24/17,1.9
11/25/17,1.7
11/26/17,4.25
11/27/17,3.6
11/28/17,-0.95
11/29/17,-0.9
11/30/17,0.2
12/1/17,1.8
12/2/17,2
12/3/17,-0.35
12/4/17,-10.8
12/5/17,-9.35
12/6/17,-10.9
12/7/17,-12.15
12/8/17,-4.15
12/9/17,-3.1
12/10/17,-2.65
12/11/17,-0.75
12/12/17,0.8
12/13/17,-1
12/14/17,-8.1
12/15/17,-4.6
12/16/17,-1.65
12/17/17,-5.1
12/18/17,-4.25
12/19/17,-2.3
12/20/17,-1.1
12/21/17,-8.1
12/22/17,-10.95
12/23/17,-7.3
12/24/17,-10.25
12/25/17,-4.6
12/26/17,-5.45
12/27/17,-4.1
12/28/17,-2.35
12/29/17,0.6
12/30/17,2.3
12/31/17,-4.2
1/1/18,-5.3
1/2/18,-7.3
1/3/18,-2.95
1/4/18,-2
1/5/18,-1.25
1/6/18,-1.6
1/7/18,-5.1
1/8/18,-1.85
1/9/18,0.8
1/10/18,-4.45
1/11/18,-9.95
1/12/18,-7.7
1/13/18,-7.1
1/14/18,-4.55
1/15/18,-5.55
1/16/18,-7.8
1/17/18,-5.25
1/18/18,-2.15
1/19/18,1.2
1/20/18,-2.6
1/21/18,-10.6
1/22/18,-12.45
1/23/18,-9.55
1/24/18,-6.9
1/25/18,-3.75
1/26/18,-11.25
1/27/18,-10.95
1/28/18,-6.75
1/29/18,-2.65
1/30/18,-0.45
1/31/18,0.85
2/1/18,-0.3
2/2/18,0.9
2/3/18,-0.15
2/4/18,-0.35
2/5/18,-2.1
2/6/18,-7.05
2/7/18,-6.2
2/8/18,-2.2
2/9/18,-1
2/10/18,-8.45
2/11/18,-11.4
2/12/18,-6.05
2/13/18,-1.25
2/14/18,-1.25
2/15/18,-6.45
2/16/18,-8.75
2/17/18,-5.5
2/18/18,-0.45
2/19/18,-6.7
2/20/18,-13.3
2/21/18,-13.4
2/22/18,-8.55
2/23/18,-8.8
2/24/18,-11.65
2/25/18,-11.7
2/26/18,-7
2/27/18,-3.9
2/28/18,-5.5
3/1/18,-5.65
3/2/18,-1.9
3/3/18,0.1
3/4/18,-6.7
3/5/18,-11
3/6/18,-9.6
3/7/18,-4.95
3/8/18,-1.25
3/9/18,-0.35
3/10/18,-2.95
3/11/18,-2.35
3/12/18,-0.5
3/13/18,-0.1
3/14/18,3.45
3/15/18,-0.25
3/16/18,-5.2
3/17/18,-2.4
3/18/18,-4.9
3/19/18,-8.2
3/20/18,-7.7
3/21/18,-2.2
3/22/18,3.4
3/23/18,-2.15
3/24/18,-1.25
3/25/18,0.45
3/26/18,-2.65
3/27/18,-3.1
3/28/18,-4
3/29/18,-4.35
3/30/18,-0.7
3/31/18,1.55
4/1/18,4.2
4/2/18,1.7
4/3/18,-5.55
4/4/18,-0.9
4/5/18,0.5
4/6/18,0.75
4/7/18,2.5
4/8/18,-0.1
4/9/18,-1.35
4/10/18,0.55
4/11/18,5.5
4/12/18,0.75
4/13/18,-7.8
4/14/18,-3.75
4/15/18,0.2
4/16/18,4.45
4/17/18,-4.8
4/18/18,-3.7
4/19/18,2.6
4/20/18,0.05
4/21/18,-1.05
4/22/18,3.25
4/23/18,5.2
4/24/18,0.2
4/25/18,1.5
4/26/18,3.5
4/27/18,5.25
4/28/18,6.65
4/29/18,5.45
4/30/18,3.55
5/1/18,2.15
5/2/18,1.5
5/3/18,-0.4
5/4/18,2.8
5/5/18,5.4
5/6/18,7.35
5/7/18,7.9
5/8/18,8.15
5/9/18,8.3
5/10/18,9.35
5/11/18,7.7
5/12/18,8.3
5/13/18,5.95
5/14/18,5.3
5/15/18,6.6
5/16/18,7.7
5/17/18,8.25
5/18/18,7.05
5/19/18,6.05
5/20/18,5.9
5/21/18,7.45
5/22/18,6.35
5/23/18,7.3
5/24/18,8.2
5/25/18,10.45
5/26/18,9.4
5/27/18,9.65
5/28/18,7.15
5/29/18,6.3
5/30/18,8.45
5/31/18,9.3
6/1/18,7.8
6/2/18,8.5
6/3/18,7.7
6/4/18,9.55
6/5/18,12.5
6/6/18,11.85
6/7/18,11.6
6/8/18,11.35
6/9/18,12
6/10/18,10.7
6/11/18,9.05
6/12/18,11.55
6/13/18,13.7
6/14/18,12.3
6/15/18,11.9
6/16/18,9.65
6/17/18,9.1
6/18/18,9.65
6/19/18,9.75
6/20/18,10.45
6/21/18,11.8
6/22/18,10.5
6/23/18,10
6/24/18,8.3
6/25/18,9.9
6/26/18,13.3
6/27/18,14.95
6/28/18,14.95
6/29/18,12.1
6/30/18,10.05
7/1/18,10.65
7/2/18,11.55
7/3/18,12.65
7/4/18,13.05
7/5/18,13.4
7/6/18,13.6
7/7/18,14.2
7/8/18,13.2
7/9/18,13.6
7/10/18,13.25
7/11/18,12.2
7/12/18,11.15
7/13/18,12.25
7/14/18,14.5
7/15/18,12.2
7/16/18,12.8
7/17/18,13.15
7/18/18,13.3
7/19/18,14.65
7/20/18,14.55
7/21/18,14.4
7/22/18,14.65
7/23/18,14.55
7/24/18,14.25
7/25/18,13.35
7/26/18,13.15
7/27/18,12.95
7/28/18,11.15
7/29/18,10.85
7/30/18,10.8
7/31/18,11.5
8/1/18,12.7
8/2/18,12.8
8/3/18,9.05
8/4/18,11.7
8/5/18,12.05
8/6/18,12.65
8/7/18,12.7
8/8/18,12.95
8/9/18,13.6
8/10/18,12.8
8/11/18,12.4
8/12/18,13.9
8/13/18,13.25
8/14/18,12.65
8/15/18,12
8/16/18,11.55
8/17/18,11.2
8/18/18,9.8
8/19/18,9.05
8/20/18,10.4
8/21/18,10.6
8/22/18,7.95
8/23/18,8.35
8/24/18,10.1
8/25/18,11.3
8/26/18,9.9
8/27/18,9.55
8/28/18,9.5
8/29/18,9.85
8/30/18,11.25
8/31/18,9.15
9/1/18,9.6
9/2/18,8.65
9/3/18,7.7
9/4/18,8.95
9/5/18,5.1
9/6/18,7.4
9/7/18,8.65
9/8/18,9.75
9/9/18,9.4
9/10/18,10.6
9/11/18,10.9
9/12/18,10.6
9/13/18,10.25
9/14/18,10.35
9/15/18,11.55
9/16/18,11.8
9/17/18,11.65
9/18/18,11.85
9/19/18,9.05
9/20/18,6.65
9/21/18,7.8
9/22/18,8
9/23/18,8.65
9/24/18,5.75
9/25/18,4.25
9/26/18,5.2
9/27/18,6.55
9/28/18,7.35
9/29/18,9.15
9/30/18,9.15
10/1/18,6.5
10/2/18,5.4
10/3/18,7.1
10/4/18,3.3
10/5/18,2
10/6/18,2.05
10/7/18,3.75
10/8/18,-2.65
10/9/18,-2.7
10/10/18,-2.6
10/11/18,-1.95
10/12/18,-1.05
10/13/18,-1.35
10/14/18,-7.65
10/15/18,-8.7
10/16/18,-2.7
10/17/18,-0.25
10/18/18,1.55
10/19/18,-0.15
10/20/18,1.95
10/21/18,2.8
10/22/18,3.7
10/23/18,3.45
10/24/18,0.95
10/25/18,0.95
10/26/18,1.15
10/27/18,2.1
10/28/18,3.7
10/29/18,3.95
10/30/18,-3
10/31/18,-3.55
11/1/18,-3.7
11/2/18,0.7
11/3/18,-3.7
11/4/18,-5.05
11/5/18,-4
11/6/18,-5.7
11/7/18,-6.2
11/8/18,-9.65
11/9/18,-8.1
11/10/18,-4.05
11/11/18,-8.75
11/12/18,-12.8
11/13/18,-8.7
11/14/18,-2.85
11/15/18,-1.1
11/16/18,-1.1
11/17/18,-2.4
11/18/18,-7.1
11/19/18,-5.35
11/20/18,-2.7
11/21/18,-1.5
11/22/18,-2.9
11/23/18,-5.35
11/24/18,-7.15
11/25/18,-11.55
11/26/18,-9.7
11/27/18,-4.15
11/28/18,-2.2
11/29/18,-3.65
11/30/18,-5.2
12/1/18,-12.3
12/2/18,-10.9
12/3/18,-11.75
12/4/18,-14.35
12/5/18,-9.6
12/6/18,-3.9
12/7/18,-4.85
12/8/18,-5.55
12/9/18,-8.55
12/10/18,-7.45
12/11/18,-4.9
12/12/18,-6.65
12/13/18,-11.95
12/14/18,-5.2
12/15/18,-2.65
12/16/18,-2.2
12/17/18,-2.1
12/18/18,-4.05
12/19/18,-7.3
12/20/18,-6.35
12/21/18,-5.45
12/22/18,-10.25
12/23/18,-8.8
12/24/18,-8.15
12/25/18,-5.2
12/26/18,-5.75
12/27/18,-10.95
12/28/18,-12.25
12/29/18,-13.8
12/30/18,-8.9
12/31/18,-13.8
1/1/19,-14.1
1/2/19,-12.5
1/3/19,-7.1
1/4/19,-2.7
1/5/19,-2.3
1/6/19,-7.25
1/7/19,-8.8
1/8/19,-6.55
1/9/19,-2.1
1/10/19,-3.85
1/11/19,-9.1
1/12/19,-9.35
1/13/19,-9.3
1/14/19,-9
1/15/19,-6.95
1/16/19,-5.75
1/17/19,-4.7
1/18/19,-8.35
1/19/19,-9.65
1/20/19,-4.65
1/21/19,-7.8
1/22/19,-14.2
1/23/19,-12.6
1/24/19,-11.9
1/25/19,-11.5
1/26/19,-9.6
1/27/19,-7
1/28/19,-13.3
1/29/19,-11.95
1/30/19,-9
1/31/19,-5.55
2/1/19,-3.7
2/2/19,-4.45
2/3/19,-3.7
2/4/19,-4.05
2/5/19,-5.75
2/6/19,-12.55
2/7/19,-19.5
2/8/19,-12.9
2/9/19,-10.75
2/10/19,-8.9
2/11/19,-12.6
2/12/19,-10.65
2/13/19,-3.2
2/14/19,-2.4
2/15/19,-4.75
2/16/19,-13.95
2/17/19,-13.85
2/18/19,-13.15
2/19/19,-14
2/20/19,-15.1
2/21/19,-4.55
2/22/19,-2
2/23/19,-7.4
2/24/19,-13
2/25/19,-15.8
2/26/19,-14.6
2/27/19,-8.75
2/28/19,-5.7
3/1/19,-4.65
3/2/19,-2.75
3/3/19,-5.5
3/4/19,-8.85
3/5/19,-6.95
3/6/19,-2
3/7/19,-2.95
3/8/19,-5.1
3/9/19,-7.25
3/10/19,-5.2
3/11/19,-4.65
3/12/19,-1.25
3/13/19,-7.8
3/14/19,-12.05
3/15/19,-8.7
3/16/19,-4.45
3/17/19,-3.05
3/18/19,-3.3
3/19/19,-6.3
3/20/19,-3.35
3/21/19,-1.95
3/22/19,-4.75
3/23/19,-2.95
3/24/19,-2.45
3/25/19,-1.75
3/26/19,0.7
3/27/19,3.3
3/28/19,2.2
3/29/19,-5.4
3/30/19,-6.2
3/31/19,-5.6
4/1/19,-5.45
4/2/19,0.05
4/3/19,-1.3
4/4/19,-0.15
4/5/19,1.2
4/6/19,-0.35
4/7/19,0.25
4/8/19,2.35
4/9/19,4.25
4/10/19,-4.05
4/11/19,-8.6
4/12/19,-7.35
4/13/19,-5
4/14/19,-3.05
4/15/19,3.1
4/16/19,1.35
4/17/19,1.35
4/18/19,1.15
4/19/19,4.1
4/20/19,5
4/21/19,2.05
4/22/19,2.7
4/23/19,3.3
4/24/19,2.95
4/25/19,4.7
4/26/19,4.55
4/27/19,3.5
4/28/19,2.3
4/29/19,0.35
4/30/19,1.35
5/1/19,-3.25
5/2/19,-1.6
5/3/19,-0.6
5/4/19,1.3
5/5/19,3.15
5/6/19,4.2
5/7/19,2.85
5/8/19,0.9
5/9/19,-1
5/10/19,-0.85
5/11/19,-1.15
5/12/19,3.35
5/13/19,5.25
5/14/19,6.7
5/15/19,6.95
5/16/19,7.35
5/17/19,-1.3
5/18/19,-2.55
5/19/19,-1.8
5/20/19,-0.45
5/21/19,-1.25
5/22/19,0.6
5/23/19,0.4
5/24/19,0.75
5/25/19,3.3
5/26/19,5.1
5/27/19,1.4
5/28/19,-1.5
5/29/19,1.15
5/30/19,2.75
5/31/19,4.85
6/1/19,7.55
6/2/19,7.45
6/3/19,6.05
6/4/19,6.7
6/5/19,7.4
6/6/19,8.15
6/7/19,8.35
6/8/19,6.95
6/9/19,3.6
6/10/19,6.4
6/11/19,6.2
6/12/19,7.75
6/13/19,8.9
6/14/19,8.25
6/15/19,6.9
6/16/19,7.25
6/17/19,7.2
6/18/19,5.45
6/19/19,6.6
6/20/19,8.75
6/21/19,6
6/22/19,2.4
6/23/19,1.05
6/24/19,5.55
6/25/19,8.65
6/26/19,9.25
6/27/19,9.85
6/28/19,11.25
6/29/19,10.95
6/30/19,11
7/1/19,10
7/2/19,10.3
7/3/19,10.45
7/4/19,10.15
7/5/19,10.6
7/6/19,10.35
7/7/19,9.75
7/8/19,9
7/9/19,9.2
7/10/19,11.75
7/11/19,12.85
7/12/19,12.55
7/13/19,13.15
7/14/19,12.5
7/15/19,13.05
7/16/19,13.1
7/17/19,13.05
7/18/19,12.65
7/19/19,13.1
7/20/19,12.75
7/21/19,13.25
7/22/19,13.6
7/23/19,12.7
7/24/19,12.65
7/25/19,11.45
7/26/19,11.7
7/27/19,11
7/28/19,12
7/29/19,12.6
7/30/19,12.85
7/31/19,11.8
8/1/19,11.05
8/2/19,12.5
8/3/19,12.85
8/4/19,12.5
8/5/19,11.6
8/6/19,13.05
8/7/19,12.75
8/8/19,11.8
8/9/19,11.5
8/10/19,12.55
8/11/19,9.4
8/12/19,10.8
8/13/19,10.5
8/14/19,11.25
8/15/19,11.7
8/16/19,11.85
8/17/19,11.2
8/18/19,11.75
8/19/19,12.65
8/20/19,13.1
8/21/19,12.55
8/22/19,11.6
8/23/19,10.45
8/24/19,10.5
8/25/19,12.6
8/26/19,12.05
8/27/19,10.85
8/28/19,11.3
8/29/19,11.45
8/30/19,11.55
8/31/19,12.6
9/1/19,13.45
9/2/19,13.55
9/3/19,14.15
9/4/19,13.75
9/5/19,13.45
9/6/19,12.85
9/7/19,10.4
9/8/19,9.45
9/9/19,8.4
9/10/19,8.75
9/11/19,5.2
9/12/19,4.9
9/13/19,7.65
9/14/19,8.9
9/15/19,9.55
9/16/19,8.6
9/17/19,7.05
9/18/19,8
9/19/19,7.85
9/20/19,6.55
9/21/19,4.2
9/22/19,4.8
9/23/19,6.15
9/24/19,7.4
9/25/19,9.3
9/26/19,7.9
9/27/19,8.75
9/28/19,9.65
9/29/19,8.25
9/30/19,8.15
10/1/19,7.4
10/2/19,3.65
10/3/19,5.95
10/4/19,6.05
10/5/19,2.8
10/6/19,2.35
10/7/19,4.55
10/8/19,4.65
10/9/19,4.75
10/10/19,-7.95
10/11/19,-6.05
10/12/19,-0.3
10/13/19,1.35
10/14/19,2.55
10/15/19,3.05
10/16/19,5.65
10/17/19,5.7
10/18/19,-2.65
10/19/19,-3.45
10/20/19,-7.8
10/21/19,-7.6
10/22/19,-2.8
10/23/19,-2.65
10/24/19,-6.95
10/25/19,-2.05
10/26/19,1.45
10/27/19,-2.5
10/28/19,-9.6
10/29/19,-13.7
10/30/19,-17.25
10/31/19,-7.6
11/1/19,-6.4
11/2/19,-3.9
11/3/19,-1.7
11/4/19,-1.4
11/5/19,-0.5
11/6/19,-1.15
11/7/19,-0.5
11/8/19,0.15
11/9/19,3.25
11/10/19,1.95
11/11/19,-4.55
11/12/19,-2.2
11/13/19,-1.3
11/14/19,-0.2
11/15/19,1.3
11/16/19,-1.5
11/17/19,-1.4
11/18/19,1.6
11/19/19,1.1
11/20/19,-0.8
11/21/19,-3.1
11/22/19,-7
11/23/19,-6.1
11/24/19,0.25
11/25/19,-7.65
11/26/19,-15.25
11/27/19,-12.1
11/28/19,-3.75
11/29/19,-8.15
11/30/19,-15
12/1/19,-9.75
12/2/19,-2.95
12/3/19,-4.45
12/4/19,-4
12/5/19,-5.65
12/6/19,-5.25
12/7/19,-4.35
12/8/19,-5.45
12/9/19,-10.4
12/10/19,-9.9
12/11/19,-6.1
12/12/19,-7.25
12/13/19,-6.85
12/14/19,-7.85
12/15/19,-11.6
12/16/19,-18.05
12/17/19,-14.7
12/18/19,-7.8
12/19/19,-9.65
12/20/19,-7.7
12/21/19,-3.65
12/22/19,-0.65
12/23/19,-1.1
12/24/19,-2.95
12/25/19,-9.4
12/26/19,-9.65
12/27/19,-7.3
12/28/19,-13
12/29/19,-16.45
12/30/19,-15.75
12/31/19,-10.85
1/1/20,-14.65
1/2/20,-13
1/3/20,-7.65
1/4/20,-3.2
1/5/20,-2.85
1/6/20,-7.75
1/7/20,-9.3
1/8/20,-7.1
1/9/20,-2.6
1/10/20,-4.4
1/11/20,-9.65
1/12/20,-9.85
1/13/20,-9.8
1/14/20,-9.55
1/15/20,-7.5
1/16/20,-6.25
1/17/20,-5.25
1/18/20,-8.85
1/19/20,-10.2
1/20/20,-5.15
1/21/20,-8.3
1/22/20,-14.75
1/23/20,-13.15
1/24/20,-12.4
1/25/20,-12.05
1/26/20,-10.15
1/27/20,-7.55
1/28/20,-13.8
1/29/20,-12.45
1/30/20,-9.55
1/31/20,-6.05
2/1/20,-4.2
2/2/20,-4.95
2/3/20,-4.15
2/4/20,-4.55
2/5/20,-20.55
2/6/20,-12.6
2/7/20,-6.6
2/8/20,-3.2
2/9/20,-7.15
2/10/20,-11.45
2/11/20,-11.15
2/12/20,-12.55
2/13/20,-9.95
2/14/20,-6.25
2/15/20,-5.6
2/16/20,-5.7
2/17/20,-8.45
2/18/20,-11
2/19/20,-10.85
2/20/20,-9.7
2/21/20,-5.05
2/22/20,-2.5
2/23/20,-7.95
2/24/20,-13.45
2/25/20,-17.6
2/26/20,-14.05
2/27/20,-7.9
2/28/20,-5.15
2/29/20,-3.9
3/1/20,-4.45
3/2/20,-8.55
3/3/20,-5.75
3/4/20,-3.55
3/5/20,-2.9
3/6/20,-0.65
3/7/20,-0.25
3/8/20,-1.25
3/9/20,-2.5
3/10/20,-3.85
3/11/20,-2.65
3/12/20,-0.75
3/13/20,-2.65
3/14/20,-1.8
3/15/20,-1.9
3/16/20,-1
3/17/20,-1.35
3/18/20,-1.85
3/19/20,-5.9
3/20/20,-4.65
3/21/20,-6.9
3/22/20,-5.5
3/23/20,-3.45
3/24/20,-1.9
3/25/20,-0.5
3/26/20,-1
3/27/20,-7
3/28/20,-9.4
3/29/20,-7.1
3/30/20,-3.75
3/31/20,-1.05
4/1/20,0.35
4/2/20,-4.95
4/3/20,-6.35
4/4/20,-1.9
4/5/20,1.25
4/6/20,1.85
4/7/20,1.35
4/8/20,1.3
4/9/20,3.55
4/10/20,1.4
4/11/20,-0.4
4/12/20,-4.8
4/13/20,-12.35
4/14/20,-12.1
4/15/20,-6.75
4/16/20,-5.7
4/17/20,-5.3
4/18/20,-0.7
4/19/20,-1.55
4/20/20,0.15
4/21/20,1.4
4/22/20,1.35
4/23/20,-0.3
4/24/20,-0.5
4/25/20,0.6
4/26/20,3.05
4/27/20,4.05
4/28/20,3.9
4/29/20,5.9
4/30/20,8
5/1/20,8.65
5/2/20,6.25
5/3/20,6.25
5/4/20,1.95
5/5/20,1.8
5/6/20,5.15
5/7/20,1.9
5/8/20,1.1
5/9/20,2.25
5/10/20,4.2
5/11/20,3.55
5/12/20,5.6
5/13/20,5.3
5/14/20,6.05
5/15/20,5.2
5/16/20,5
5/17/20,8.45
5/18/20,10.1
5/19/20,8.65
5/20/20,3.45
5/21/20,2.35
5/22/20,4.85
5/23/20,4.5
5/24/20,1.7
5/25/20,1.45
5/26/20,5.05
5/27/20,7.85
5/28/20,9.55
5/29/20,11.05
5/30/20,11
5/31/20,9.85
6/1/20,10.45
6/2/20,11.25
6/3/20,10.3
6/4/20,10.4
6/5/20,12.55
6/6/20,6.8
6/7/20,7.75
6/8/20,3.6
6/9/20,-0.4
6/10/20,3.8
6/11/20,7.7
6/12/20,11.2
6/13/20,10.35
6/14/20,9.65
6/15/20,10.05
6/16/20,10.25
6/17/20,9.15
6/18/20,7.4
6/19/20,7.5
6/20/20,7.65
6/21/20,9.6
6/22/20,11.1
6/23/20,11.6
6/24/20,12.95
6/25/20,12.25
6/26/20,11.95
6/27/20,9.6
6/28/20,10.95
6/29/20,11.35
6/30/20,5.25
7/1/20,8
7/2/20,10.65
7/3/20,10.8
7/4/20,9.6
7/5/20,11.25
7/6/20,13.15
7/7/20,12.55
7/8/20,11.9
7/9/20,12.15
7/10/20,13.05
7/11/20,13.75
7/12/20,13.75
7/13/20,12.85
7/14/20,11.95
7/15/20,11.55
7/16/20,11.65
7/17/20,11.05
7/18/20,12.5
7/19/20,12.3
7/20/20,12.55
7/21/20,13
7/22/20,11.15
7/23/20,10.65
7/24/20,11.15
7/25/20,9.15
7/26/20,12.1
7/27/20,12.6
7/28/20,10.45
7/29/20,11.15
7/30/20,10.65
7/31/20,12.55
8/1/20,12.55
8/2/20,13.35
8/3/20,13.55
8/4/20,14.7
8/5/20,13.45
8/6/20,12
8/7/20,11.6
8/8/20,12.05
8/9/20,12.3
8/10/20,12
8/11/20,12.9
8/12/20,12.45
8/13/20,12.6
8/14/20,13.2
8/15/20,13.8
8/16/20,14.5
8/17/20,15.1
8/18/20,15.1
8/19/20,15.2
8/20/20,14.4
8/21/20,13.7
8/22/20,14.95
8/23/20,14
8/24/20,14.45
8/25/20,13.65
8/26/20,12.1
8/27/20,12.05
8/28/20,10.3
8/29/20,9.05
8/30/20,8.6
8/31/20,9.45
9/1/20,6.8
9/2/20,9.65
9/3/20,11.8
9/4/20,13.2
9/5/20,14.55
9/6/20,13.2
9/7/20,10.45
9/8/20,0.6
9/9/20,-1
9/10/20,1.45
9/11/20,2.15
9/12/20,5.35
9/13/20,7.85
9/14/20,8.95
9/15/20,8.95
9/16/20,8.5
9/17/20,8.55
9/18/20,8.9
9/19/20,7.95
9/20/20,8.85
9/21/20,8.55
9/22/20,7.85
9/23/20,7.95
9/24/20,9.9
9/25/20,10.65
9/26/20,9.5
9/27/20,3.35
9/28/20,1.45
9/29/20,6.15
9/30/20,7.15
10/1/20,6.95