DateTime,"(mm) Precipitation (gridMET) at -107.0369E,38.9742N, 2015-06-01 to 2020-10-01"
6/1/15,1.4959
6/2/15,0
6/3/15,0
6/4/15,0
6/5/15,3.5626
6/6/15,3.2182
6/7/15,0
6/8/15,0
6/9/15,0
6/10/15,7.2433
6/11/15,11.4653
6/12/15,0
6/13/15,0.6003
6/14/15,0
6/15/15,0.9251
6/16/15,9.3691
6/17/15,0
6/18/15,0
6/19/15,0
6/20/15,0
6/21/15,0
6/22/15,0
6/23/15,0
6/24/15,1.427
6/25/15,0
6/26/15,0
6/27/15,0
6/28/15,0.7381
6/29/15,0
6/30/15,0
7/1/15,0.374
7/2/15,0.4429
7/3/15,3.0705
7/4/15,4.4483
7/5/15,5.2061
7/6/15,4.6255
7/7/15,17.0651
7/8/15,15.1165
7/9/15,10.4516
7/10/15,0.9153
7/11/15,2.0372
7/12/15,1.7911
7/13/15,2.0962
7/14/15,10.4615
7/15/15,3.1591
7/16/15,1.7911
7/17/15,0.9841
7/18/15,2.3423
7/19/15,0
7/20/15,9.8611
7/21/15,5.0191
7/22/15,3.7397
7/23/15,0
7/24/15,5.6195
7/25/15,4.4975
7/26/15,0.5118
7/27/15,0
7/28/15,0
7/29/15,0
7/30/15,0
7/31/15,1.1219
8/1/15,0.994
8/2/15,3.661
8/3/15,3.4248
8/4/15,5.4817
8/5/15,0
8/6/15,0
8/7/15,3.9661
8/8/15,0.4232
8/9/15,0
8/10/15,1.2499
8/11/15,7.9617
8/12/15,1.0334
8/13/15,0
8/14/15,0
8/15/15,0.2952
8/16/15,1.1219
8/17/15,5.6195
8/18/15,1.053
8/19/15,0
8/20/15,0
8/21/15,0.3641
8/22/15,0
8/23/15,0
8/24/15,0
8/25/15,1.4467
8/26/15,8.9754
8/27/15,13.3548
8/28/15,1.5451
8/29/15,0
8/30/15,1.3975
8/31/15,0.4724
9/1/15,2.8147
9/2/15,0
9/3/15,9.1821
9/4/15,12.2624
9/5/15,4.9207
9/6/15,3.4543
9/7/15,1.3581
9/8/15,1.7321
9/9/15,0.3641
9/10/15,0
9/11/15,0
9/12/15,0
9/13/15,0
9/14/15,7.2335
9/15/15,14.8901
9/16/15,2.0667
9/17/15,0
9/18/15,0
9/19/15,2.7458
9/20/15,0
9/21/15,0.3641
9/22/15,0
9/23/15,0
9/24/15,0
9/25/15,0
9/26/15,0
9/27/15,0
9/28/15,0.3641
9/29/15,0
9/30/15,0
10/1/15,0.5806
10/2/15,0.9153
10/3/15,0
10/4/15,1.1416
10/5/15,5.5604
10/6/15,3.0312
10/7/15,0
10/8/15,0
10/9/15,0
10/10/15,0
10/11/15,0
10/12/15,0
10/13/15,0
10/14/15,0
10/15/15,0
10/16/15,0
10/17/15,1.3384
10/18/15,3.0804
10/19/15,10.0875
10/20/15,5.1176
10/21/15,0.5118
10/22/15,11.7704
10/23/15,0.6594
10/24/15,0.7578
10/25/15,0.9743
10/26/15,2.1356
10/27/15,1.9486
10/28/15,4.8715
10/29/15,2.2045
10/30/15,0.3248
10/31/15,0
11/1/15,0
11/2/15,0
11/3/15,1.5156
11/4/15,12.9612
11/5/15,7.6468
11/6/15,5.5309
11/7/15,3.0705
11/8/15,0
11/9/15,1.5451
11/10/15,6.3969
11/11/15,0.4232
11/12/15,0
11/13/15,0.6003
11/14/15,0
11/15/15,5.7966
11/16/15,9.3199
11/17/15,1.8207
11/18/15,6.8103
11/19/15,0
11/20/15,3.4248
11/21/15,0
11/22/15,0
11/23/15,0
11/24/15,0
11/25/15,0.2952
11/26/15,0
11/27/15,5.708
11/28/15,0
11/29/15,2.421
11/30/15,0
12/1/15,0
12/2/15,0
12/3/15,1.4172
12/4/15,4.9502
12/5/15,0.7381
12/6/15,1.6927
12/7/15,2.7458
12/8/15,0
12/9/15,0
12/10/15,0
12/11/15,3.1985
12/12/15,1.6829
12/13/15,0.8168
12/14/15,4.596
12/15/15,0.8759
12/16/15,3.4445
12/17/15,0.5806
12/18/15,2.2438
12/19/15,5.0487
12/20/15,16.5533
12/21/15,19.6337
12/22/15,18.8759
12/23/15,2.9032
12/24/15,9.9103
12/25/15,10.8354
12/26/15,0.7184
12/27/15,2.6375
12/28/15,0.5216
12/29/15,0.7086
12/30/15,2.421
12/31/15,1.0109
1/1/16,1.0109
1/2/16,3.5259
1/3/16,1.0438
1/4/16,0.5918
1/5/16,0.9698
1/6/16,3.0492
1/7/16,0.337
1/8/16,0.2959
1/9/16,0
1/10/16,0
1/11/16,0
1/12/16,0
1/13/16,0.6493
1/14/16,2.5068
1/15/16,2.6383
1/16/16,7.3148
1/17/16,1.5862
1/18/16,5.1039
1/19/16,2.9588
1/20/16,4.5368
1/21/16,0.7726
1/22/16,1.8164
1/23/16,0.9698
1/24/16,1.9561
1/25/16,0
1/26/16,1.2821
1/27/16,2.0958
1/28/16,3.23
1/29/16,2.2355
1/30/16,13.5776
1/31/16,10.2322
2/1/16,0
2/2/16,0
2/3/16,2.3001
2/4/16,0.4461
2/5/16,0
2/6/16,1.0056
2/7/16,11.8042
2/8/16,0.2588
2/9/16,0
2/10/16,6.2761
2/11/16,10.524
2/12/16,2.2423
2/13/16,0
2/14/16,0
2/15/16,0
2/16/16,0
2/17/16,0
2/18/16,0
2/19/16,0.6938
2/20/16,0
2/21/16,0
2/22/16,0.4206
2/23/16,0.7687
2/24/16,0.5082
2/25/16,0.315
2/26/16,0.4124
2/27/16,8.1197
2/28/16,1.2615
2/29/16,0
3/1/16,0.9801
3/2/16,0
3/3/16,0
3/4/16,0
3/5/16,0
3/6/16,11.0737
3/7/16,5.9261
3/8/16,1.0259
3/9/16,0
3/10/16,1.4838
3/11/16,1.4014
3/12/16,0
3/13/16,1.7311
3/14/16,8.7839
3/15/16,7.3001
3/16/16,6.3566
3/17/16,0
3/18/16,0
3/19/16,0
3/20/16,0
3/21/16,2.4547
3/22/16,2.2349
3/23/16,3.3066
3/24/16,3.9111
3/25/16,10.6433
3/26/16,1.6579
3/27/16,0.5038
3/28/16,1.9326
3/29/16,1.9693
3/30/16,2.3631
3/31/16,0.6074
4/1/16,0
4/2/16,1.2741
4/3/16,1.2295
4/4/16,1.185
4/5/16,1.1226
4/6/16,0
4/7/16,1.0424
4/8/16,1.2295
4/9/16,4.2766
4/10/16,0
4/11/16,0
4/12/16,1.7463
4/13/16,1.0246
4/14/16,1.6661
4/15/16,11.7161
4/16/16,2.8154
4/17/16,4.1073
4/18/16,4.241
4/19/16,4.4281
4/20/16,3.9826
4/21/16,1.3632
4/22/16,1.2295
4/23/16,4.0984
4/24/16,2.5481
4/25/16,7.5019
4/26/16,6.0496
4/27/16,2.8778
4/28/16,7.9563
4/29/16,10.7717
4/30/16,2.3531
5/1/16,2.1392
5/2/16,0
5/3/16,0.9244
5/4/16,0
5/5/16,0.5653
5/6/16,1.9023
5/7/16,1.0085
5/8/16,9.8172
5/9/16,10.1533
5/10/16,10.8791
5/11/16,0
5/12/16,0.6952
5/13/16,1.1001
5/14/16,1.7801
5/15/16,8.6025
5/16/16,6.9828
5/17/16,2.9184
5/18/16,1.7342
5/19/16,0
5/20/16,1.612
5/21/16,0
5/22/16,0
5/23/16,0
5/24/16,0
5/25/16,0
5/26/16,1.7724
5/27/16,3.7053
5/28/16,0.848
5/29/16,0
5/30/16,0.4049
5/31/16,0.6123
6/1/16,0
6/2/16,0
6/3/16,0
6/4/16,0
6/5/16,0
6/6/16,0
6/7/16,0
6/8/16,0
6/9/16,0
6/10/16,0
6/11/16,0.2956
6/12/16,1.6117
6/13/16,1.6469
6/14/16,0
6/15/16,0
6/16/16,0
6/17/16,0
6/18/16,0
6/19/16,0
6/20/16,0
6/21/16,0.3589
6/22/16,1.7103
6/23/16,1.1895
6/24/16,0
6/25/16,0
6/26/16,0
6/27/16,0
6/28/16,0
6/29/16,0.6194
6/30/16,3.9074
7/1/16,11.6808
7/2/16,9.1679
7/3/16,0.9251
7/4/16,0
7/5/16,0
7/6/16,0
7/7/16,0
7/8/16,0
7/9/16,0
7/10/16,0
7/11/16,0
7/12/16,0
7/13/16,0
7/14/16,0
7/15/16,0
7/16/16,0
7/17/16,0
7/18/16,7.4006
7/19/16,2.72
7/20/16,2.8995
7/21/16,4.0041
7/22/16,0
7/23/16,0
7/24/16,0
7/25/16,1.4359
7/26/16,0
7/27/16,0
7/28/16,0
7/29/16,0
7/30/16,0
7/31/16,2.6552
8/1/16,0
8/2/16,0
8/3/16,1.1578
8/4/16,11.1827
8/5/16,5.2412
8/6/16,3.2307
8/7/16,2.6414
8/8/16,0.9637
8/9/16,3.0089
8/10/16,3.2169
8/11/16,0
8/12/16,0
8/13/16,0
8/14/16,0.8319
8/15/16,0
8/16/16,0
8/17/16,2.0937
8/18/16,0
8/19/16,0.7002
8/20/16,0
8/21/16,0
8/22/16,2.3225
8/23/16,6.4892
8/24/16,0
8/25/16,6.0593
8/26/16,1.2895
8/27/16,0.8319
8/28/16,0
8/29/16,6.1287
8/30/16,1.6639
8/31/16,4.4279
9/1/16,4.8779
9/2/16,3.5942
9/3/16,6.4641
9/4/16,1.247
9/5/16,0.9902
9/6/16,0
9/7/16,0
9/8/16,0
9/9/16,0
9/10/16,0
9/11/16,0.6235
9/12/16,0
9/13/16,1.1278
9/14/16,1.8888
9/15/16,0.9536
9/16/16,0
9/17/16,0
9/18/16,0.9536
9/19/16,1.9988
9/20/16,1.6504
9/21/16,1.192
9/22/16,0
9/23/16,6.9868
9/24/16,7.2893
9/25/16,1.1461
9/26/16,4.1169
9/27/16,0.6693
9/28/16,1.302
9/29/16,0.4218
9/30/16,0
10/1/16,0
10/2/16,0
10/3/16,0
10/4/16,0
10/5/16,1.6664
10/6/16,1.5052
10/7/16,0.2829
10/8/16,0
10/9/16,0.6446
10/10/16,3.8577
10/11/16,3.7304
10/12/16,0
10/13/16,0
10/14/16,1.6931
10/15/16,1.1133
10/16/16,0
10/17/16,0
10/18/16,0
10/19/16,0
10/20/16,0
10/21/16,0
10/22/16,0.8212
10/23/16,0
10/24/16,3.5643
10/25/16,1.1935
10/26/16,0
10/27/16,0
10/28/16,3.8641
10/29/16,0
10/30/16,3.1076
10/31/16,0
11/1/16,0.922
11/2/16,0
11/3/16,1.5613
11/4/16,2.3792
11/5/16,0.7147
11/6/16,0.4901
11/7/16,0
11/8/16,0
11/9/16,0
11/10/16,0
11/11/16,0
11/12/16,0
11/13/16,0
11/14/16,0
11/15/16,0
11/16/16,2.6273
11/17/16,4.2362
11/18/16,0
11/19/16,7.3362
11/20/16,1.8371
11/21/16,5.5642
11/22/16,0.8474
11/23/16,5.33
11/24/16,0.2628
11/25/16,1.3835
11/26/16,8.2157
11/27/16,20.8836
11/28/16,5.3846
11/29/16,0
11/30/16,1.2485
12/1/16,4.6926
12/2/16,0.7367
12/3/16,0
12/4/16,5.0049
12/5/16,0
12/6/16,4.8269
12/7/16,0
12/8/16,11.2329
12/9/16,5.7941
12/10/16,14.0262
12/11/16,6.9209
12/12/16,0
12/13/16,0.4705
12/14/16,8.0804
12/15/16,13.8117
12/16/16,47.6574
12/17/16,0
12/18/16,0.9608
12/19/16,3.6715
12/20/16,2.3133
12/21/16,1.2953
12/22/16,13.1076
12/23/16,6.7
12/24/16,3.0889
12/25/16,1.2
12/26/16,2.1409
12/27/16,0.6548
12/28/16,0
12/29/16,1.1984
12/30/16,0.6111
12/31/16,0.4174
1/1/17,6.5
1/2/17,19.6
1/3/17,12.2
1/4/17,31.2
1/5/17,21.6
1/6/17,0
1/7/17,4.8
1/8/17,22.2
1/9/17,59.1
1/10/17,12.8
1/11/17,30.6
1/12/17,19.2
1/13/17,6.3
1/14/17,3.7
1/15/17,1.2
1/16/17,0
1/17/17,0
1/18/17,1.1
1/19/17,6.2
1/20/17,6.6
1/21/17,1.8
1/22/17,12
1/23/17,26.3
1/24/17,2.5
1/25/17,3.3
1/26/17,0
1/27/17,0.3
1/28/17,1.6
1/29/17,0
1/30/17,0
1/31/17,0
2/1/17,0
2/2/17,0
2/3/17,4.8
2/4/17,2.7
2/5/17,0
2/6/17,6.2
2/7/17,25
2/8/17,1.5
2/9/17,0
2/10/17,13.1
2/11/17,26.3
2/12/17,5.9
2/13/17,0.3
2/14/17,0
2/15/17,0
2/16/17,0
2/17/17,0.6
2/18/17,0
2/19/17,2.8
2/20/17,0.6
2/21/17,0
2/22/17,2.6
2/23/17,6.4
2/24/17,3.2
2/25/17,2.2
2/26/17,2.4
2/27/17,18.8
2/28/17,11.1
3/1/17,0
3/2/17,0.3
3/3/17,0
3/4/17,0
3/5/17,0.9
3/6/17,5.2
3/7/17,0
3/8/17,0
3/9/17,3
3/10/17,1.8
3/11/17,3
3/12/17,1.4
3/13/17,1.8
3/14/17,1.8
3/15/17,0
3/16/17,0
3/17/17,0
3/18/17,0
3/19/17,0
3/20/17,0
3/21/17,0
3/22/17,0
3/23/17,4
3/24/17,2
3/25/17,1.3
3/26/17,0.3
3/27/17,3.9
3/28/17,8.7
3/29/17,3.6
3/30/17,0.8
3/31/17,2
4/1/17,0
4/2/17,5
4/3/17,1.3
4/4/17,1.5
4/5/17,5.7
4/6/17,2.4
4/7/17,2.4
4/8/17,0.5
4/9/17,0
4/10/17,0
4/11/17,0
4/12/17,0
4/13/17,0
4/14/17,0
4/15/17,0
4/16/17,0
4/17/17,0
4/18/17,0.4
4/19/17,0.7
4/20/17,3.4
4/21/17,2.2
4/22/17,0
4/23/17,1
4/24/17,9.9
4/25/17,7.2
4/26/17,5.9
4/27/17,9.6
4/28/17,6.1
4/29/17,0.3
4/30/17,0
5/1/17,0
5/2/17,2.5
5/3/17,2.5
5/4/17,0.9
5/5/17,0
5/6/17,0.4
5/7/17,0
5/8/17,0.9
5/9/17,3.1
5/10/17,1.6
5/11/17,0.8
5/12/17,0
5/13/17,0
5/14/17,0
5/15/17,0
5/16/17,0
5/17/17,7.1
5/18/17,9.4
5/19/17,2.8
5/20/17,1.8
5/21/17,7.8
5/22/17,3.5
5/23/17,0
5/24/17,0
5/25/17,3.9
5/26/17,2.1
5/27/17,1.5
5/28/17,0.9
5/29/17,0
5/30/17,0
5/31/17,0
6/1/17,1.9
6/2/17,0
6/3/17,0
6/4/17,0
6/5/17,0
6/6/17,0
6/7/17,0
6/8/17,0
6/9/17,0
6/10/17,0
6/11/17,0
6/12/17,0
6/13/17,0
6/14/17,0
6/15/17,0
6/16/17,0
6/17/17,0
6/18/17,0
6/19/17,0
6/20/17,0
6/21/17,0
6/22/17,0
6/23/17,0
6/24/17,0
6/25/17,0
6/26/17,0
6/27/17,0
6/28/17,0
6/29/17,0
6/30/17,0
7/1/17,0
7/2/17,0.5
7/3/17,0
7/4/17,0
7/5/17,0
7/6/17,0
7/7/17,0
7/8/17,0
7/9/17,0
7/10/17,0.7
7/11/17,4.4
7/12/17,5.2
7/13/17,5.2
7/14/17,2.7
7/15/17,2.5
7/16/17,0
7/17/17,0.9
7/18/17,2.3
7/19/17,16.7
7/20/17,0
7/21/17,0.9
7/22/17,0
7/23/17,4
7/24/17,6.6
7/25/17,6.9
7/26/17,0
7/27/17,0
7/28/17,8.6
7/29/17,8.9
7/30/17,1
7/31/17,0
8/1/17,0
8/2/17,1.1
8/3/17,1
8/4/17,0.4
8/5/17,1.4
8/6/17,0.9
8/7/17,6.3
8/8/17,3.2
8/9/17,2.7
8/10/17,2.9
8/11/17,0
8/12/17,0
8/13/17,2.6
8/14/17,0
8/15/17,0
8/16/17,0
8/17/17,0
8/18/17,0
8/19/17,0
8/20/17,0.5
8/21/17,0.3
8/22/17,0
8/23/17,0
8/24/17,0.7
8/25/17,0
8/26/17,0
8/27/17,0
8/28/17,0
8/29/17,0
8/30/17,0
8/31/17,1.9
9/1/17,0
9/2/17,0
9/3/17,0
9/4/17,0
9/5/17,0
9/6/17,0
9/7/17,0
9/8/17,0
9/9/17,0.4
9/10/17,1.3
9/11/17,5.4
9/12/17,0
9/13/17,0
9/14/17,15.1
9/15/17,1.8
9/16/17,0
9/17/17,4.4
9/18/17,0
9/19/17,0
9/20/17,0
9/21/17,0
9/22/17,0.3
9/23/17,3.8
9/24/17,0
9/25/17,0
9/26/17,0
9/27/17,8.2
9/28/17,1.7
9/29/17,4.7
9/30/17,8.7
10/1/17,17.8
10/2/17,6.1
10/3/17,2.9
10/4/17,0
10/5/17,0
10/6/17,0
10/7/17,0
10/8/17,1.7
10/9/17,9.8
10/10/17,0
10/11/17,0
10/12/17,0
10/13/17,0
10/14/17,0
10/15/17,0
10/16/17,0
10/17/17,1
10/18/17,1.6
10/19/17,1.5
10/20/17,5.4
10/21/17,0
10/22/17,0
10/23/17,0
10/24/17,0
10/25/17,0
10/26/17,0
10/27/17,1
10/28/17,0
10/29/17,0
10/30/17,4.6
10/31/17,1.1
11/1/17,0
11/2/17,0
11/3/17,2.1
11/4/17,3.6
11/5/17,1.6
11/6/17,4.8
11/7/17,2.3
11/8/17,2.5
11/9/17,1.1
11/10/17,1
11/11/17,0
11/12/17,0
11/13/17,0
11/14/17,0
11/15/17,0
11/16/17,3.7
11/17/17,37.4
11/18/17,2.4
11/19/17,0
11/20/17,4.9
11/21/17,0.8
11/22/17,1
11/23/17,0
11/24/17,0
11/25/17,0
11/26/17,0
11/27/17,0
11/28/17,0
11/29/17,0
11/30/17,0
12/1/17,0
12/2/17,0
12/3/17,2.4
12/4/17,0
12/5/17,0
12/6/17,0
12/7/17,0
12/8/17,0
12/9/17,0
12/10/17,0
12/11/17,0
12/12/17,0
12/13/17,0.8
12/14/17,0
12/15/17,0
12/16/17,0
12/17/17,0
12/18/17,0
12/19/17,0
12/20/17,1
12/21/17,4.9
12/22/17,0.7
12/23/17,3.7
12/24/17,6.7
12/25/17,10.8
12/26/17,0
12/27/17,0
12/28/17,0
12/29/17,0
12/30/17,0
12/31/17,0
1/1/18,0
1/2/18,0
1/3/18,0
1/4/18,0
1/5/18,1
1/6/18,9.9
1/7/18,1.2
1/8/18,5.7
1/9/18,2
1/10/18,12.7
1/11/18,3.2
1/12/18,3.6
1/13/18,1.2
1/14/18,0
1/15/18,0
1/16/18,0
1/17/18,1
1/18/18,2.2
1/19/18,0
1/20/18,4.1
1/21/18,0
1/22/18,5.5
1/23/18,0
1/24/18,1.1
1/25/18,4.2
1/26/18,6.1
1/27/18,0
1/28/18,0
1/29/18,0
1/30/18,1.3
1/31/18,0
2/1/18,0
2/2/18,0
2/3/18,0
2/4/18,0.3
2/5/18,6.9
2/6/18,1.8
2/7/18,1.1
2/8/18,0
2/9/18,1.3
2/10/18,10.6
2/11/18,0.6
2/12/18,17
2/13/18,7.9
2/14/18,5.4
2/15/18,20
2/16/18,1.3
2/17/18,0
2/18/18,1.1
2/19/18,8.9
2/20/18,8.8
2/21/18,2
2/22/18,3.8
2/23/18,5.4
2/24/18,2.2
2/25/18,1.9
2/26/18,2.7
2/27/18,1.2
2/28/18,0
3/1/18,0.4
3/2/18,0.8
3/3/18,1.1
3/4/18,4.3
3/5/18,0
3/6/18,0
3/7/18,0
3/8/18,1.2
3/9/18,0
3/10/18,0
3/11/18,0
3/12/18,0
3/13/18,0
3/14/18,1.8
3/15/18,4.3
3/16/18,7.1
3/17/18,2.9
3/18/18,2.2
3/19/18,2.4
3/20/18,0
3/21/18,0
3/22/18,8.5
3/23/18,27.3
3/24/18,1.4
3/25/18,0
3/26/18,0
3/27/18,0
3/28/18,2.1
3/29/18,1.3
3/30/18,0.9
3/31/18,0
4/1/18,0
4/2/18,1.2
4/3/18,0
4/4/18,0
4/5/18,1.9
4/6/18,10
4/7/18,24.4
4/8/18,12.8
4/9/18,2.4
4/10/18,1.6
4/11/18,0
4/12/18,1.1
4/13/18,1.4
4/14/18,4.3
4/15/18,1.3
4/16/18,0
4/17/18,0
4/18/18,0
4/19/18,4.3
4/20/18,15.4
4/21/18,2.8
4/22/18,1.6
4/23/18,2.5
4/24/18,1.8
4/25/18,2.7
4/26/18,0
4/27/18,0.9
4/28/18,0.7
4/29/18,0
4/30/18,0
5/1/18,1.4
5/2/18,4.3
5/3/18,7.1
5/4/18,1.9
5/5/18,0
5/6/18,0.9
5/7/18,0
5/8/18,0
5/9/18,0
5/10/18,0
5/11/18,0
5/12/18,0
5/13/18,0
5/14/18,0
5/15/18,0
5/16/18,0
5/17/18,0
5/18/18,0
5/19/18,0.7
5/20/18,0
5/21/18,0
5/22/18,0
5/23/18,0
5/24/18,0
5/25/18,1.1
5/26/18,0
5/27/18,1.1
5/28/18,0
5/29/18,0
5/30/18,1.8
5/31/18,1.1
6/1/18,0
6/2/18,0
6/3/18,0
6/4/18,0.4
6/5/18,0
6/6/18,0.4
6/7/18,0
6/8/18,0
6/9/18,0
6/10/18,0
6/11/18,0
6/12/18,0
6/13/18,0
6/14/18,0
6/15/18,0
6/16/18,6.5
6/17/18,4.1
6/18/18,0
6/19/18,0
6/20/18,0
6/21/18,0
6/22/18,0
6/23/18,0
6/24/18,0
6/25/18,0
6/26/18,0
6/27/18,0
6/28/18,0
6/29/18,0
6/30/18,0
7/1/18,0
7/2/18,0
7/3/18,0
7/4/18,0
7/5/18,0
7/6/18,0.4
7/7/18,1.5
7/8/18,7.4
7/9/18,0
7/10/18,2.7
7/11/18,2.4
7/12/18,2.8
7/13/18,0
7/14/18,1.1
7/15/18,2.3
7/16/18,0.8
7/17/18,0
7/18/18,0
7/19/18,0
7/20/18,0.4
7/21/18,1.3
7/22/18,1.2
7/23/18,0.6
7/24/18,0
7/25/18,0
7/26/18,0
7/27/18,1
7/28/18,4.6
7/29/18,0
7/30/18,0
7/31/18,0
8/1/18,0
8/2/18,0
8/3/18,2.6
8/4/18,1.4
8/5/18,0.8
8/6/18,0
8/7/18,0
8/8/18,0
8/9/18,0
8/10/18,0
8/11/18,0
8/12/18,0
8/13/18,0
8/14/18,0
8/15/18,0
8/16/18,2.4
8/17/18,1.1
8/18/18,2.4
8/19/18,0.5
8/20/18,2.2
8/21/18,4.3
8/22/18,4
8/23/18,1.8
8/24/18,2
8/25/18,0
8/26/18,2.8
8/27/18,0
8/28/18,0
8/29/18,0
8/30/18,0
8/31/18,0
9/1/18,0
9/2/18,0.6
9/3/18,0
9/4/18,0
9/5/18,8
9/6/18,2.2
9/7/18,1.9
9/8/18,0.8
9/9/18,0
9/10/18,0.8
9/11/18,0
9/12/18,0
9/13/18,0
9/14/18,0
9/15/18,0
9/16/18,0
9/17/18,0
9/18/18,0
9/19/18,6
9/20/18,0
9/21/18,0
9/22/18,0
9/23/18,0
9/24/18,1.3
9/25/18,0
9/26/18,0
9/27/18,0
9/28/18,1.1
9/29/18,0
9/30/18,2.7
10/1/18,2.1
10/2/18,25.8
10/3/18,13.5
10/4/18,9.8
10/5/18,4.3
10/6/18,1.9
10/7/18,2.6
10/8/18,3.1
10/9/18,4.7
10/10/18,20.7
10/11/18,21.3
10/12/18,0
10/13/18,3.2
10/14/18,1.1
10/15/18,1.1
10/16/18,1.5
10/17/18,2
10/18/18,1.1
10/19/18,0
10/20/18,0
10/21/18,0
10/22/18,4.1
10/23/18,1.7
10/24/18,0
10/25/18,0
10/26/18,0
10/27/18,0
10/28/18,0
10/29/18,0
10/30/18,3.4
10/31/18,1.8
11/1/18,3.5
11/2/18,3.1
11/3/18,2
11/4/18,11.1
11/5/18,0
11/6/18,0
11/7/18,0
11/8/18,0
11/9/18,1.2
11/10/18,0
11/11/18,0.4
11/12/18,0
11/13/18,0.4
11/14/18,1.3
11/15/18,0
11/16/18,0
11/17/18,2.1
11/18/18,0
11/19/18,1.1
11/20/18,0
11/21/18,0
11/22/18,8
11/23/18,7.1
11/24/18,20.5
11/25/18,1
11/26/18,2.8
11/27/18,1.8
11/28/18,8.3
11/29/18,2.5
11/30/18,5.2
12/1/18,3.8
12/2/18,5.5
12/3/18,2.6
12/4/18,1.2
12/5/18,6.2
12/6/18,6.9
12/7/18,0
12/8/18,0
12/9/18,0
12/10/18,2.5
12/11/18,0
12/12/18,3
12/13/18,1.2
12/14/18,1.5
12/15/18,0
12/16/18,0
12/17/18,1.5
12/18/18,0.4
12/19/18,0.5
12/20/18,0
12/21/18,4.6
12/22/18,0.4
12/23/18,5.4
12/24/18,5.5
12/25/18,3.3
12/26/18,2.1
12/27/18,0.5
12/28/18,0.6
12/29/18,2.9
12/30/18,3.1
12/31/18,8.3
1/1/19,0
1/2/19,3.1
1/3/19,3.2
1/4/19,0
1/5/19,2.7
1/6/19,19.4
1/7/19,10.9
1/8/19,1.6
1/9/19,0
1/10/19,2.4
1/11/19,0.5
1/12/19,0.5
1/13/19,0
1/14/19,0
1/15/19,6.4
1/16/19,21.2
1/17/19,15.5
1/18/19,11.4
1/19/19,1.7
1/20/19,0
1/21/19,7.3
1/22/19,2.7
1/23/19,3.1
1/24/19,5.5
1/25/19,2.3
1/26/19,0
1/27/19,0
1/28/19,0
1/29/19,0
1/30/19,0
1/31/19,0
2/1/19,0
2/2/19,3.1
2/3/19,21.2
2/4/19,7.1
2/5/19,9.6
2/6/19,17.7
2/7/19,1.7
2/8/19,2.6
2/9/19,0.8
2/10/19,0.3
2/11/19,0
2/12/19,0.8
2/13/19,5.9
2/14/19,27
2/15/19,1.9
2/16/19,3.4
2/17/19,1.7
2/18/19,2.7
2/19/19,1.7
2/20/19,1.8
2/21/19,1.3
2/22/19,6.8
2/23/19,2.2
2/24/19,1.6
2/25/19,0
2/26/19,1.9
2/27/19,0
2/28/19,0
3/1/19,1.2
3/2/19,18.7
3/3/19,9.5
3/4/19,1.4
3/5/19,4.5
3/6/19,50.6
3/7/19,20.4
3/8/19,29.7
3/9/19,4.2
3/10/19,1.1
3/11/19,5.2
3/12/19,23.7
3/13/19,3.4
3/14/19,1.2
3/15/19,0
3/16/19,0
3/17/19,0
3/18/19,0
3/19/19,0
3/20/19,0
3/21/19,2.3
3/22/19,2.9
3/23/19,2.4
3/24/19,3
3/25/19,0
3/26/19,0
3/27/19,0
3/28/19,0
3/29/19,4.7
3/30/19,0
3/31/19,0.7
4/1/19,0.9
4/2/19,1.7
4/3/19,3
4/4/19,0.8
4/5/19,0
4/6/19,1.2
4/7/19,0
4/8/19,0
4/9/19,0.9
4/10/19,3.9
4/11/19,0.8
4/12/19,1.2
4/13/19,2.3
4/14/19,1.3
4/15/19,0.8
4/16/19,0
4/17/19,0
4/18/19,0
4/19/19,0
4/20/19,0
4/21/19,0.4
4/22/19,1
4/23/19,0
4/24/19,0
4/25/19,0
4/26/19,6.3
4/27/19,4.2
4/28/19,12.1
4/29/19,26.5
4/30/19,21.1
5/1/19,11.6
5/2/19,1.1
5/3/19,0
5/4/19,0.8
5/5/19,0
5/6/19,0
5/7/19,0
5/8/19,7
5/9/19,10
5/10/19,1.8
5/11/19,2.4
5/12/19,0
5/13/19,1
5/14/19,0.6
5/15/19,0
5/16/19,1.2
5/17/19,6.1
5/18/19,6
5/19/19,3.3
5/20/19,20
5/21/19,14
5/22/19,6
5/23/19,4.8
5/24/19,2.6
5/25/19,2
5/26/19,0
5/27/19,3.3
5/28/19,3.4
5/29/19,3.2
5/30/19,2.7
5/31/19,0
6/1/19,0
6/2/19,1
6/3/19,0
6/4/19,0.7
6/5/19,0.5
6/6/19,0
6/7/19,0
6/8/19,0
6/9/19,0
6/10/19,0
6/11/19,0
6/12/19,0
6/13/19,0.9
6/14/19,0
6/15/19,0
6/16/19,0
6/17/19,1.6
6/18/19,6
6/19/19,1.5
6/20/19,0.3
6/21/19,1.8
6/22/19,9.2
6/23/19,1.1
6/24/19,0.9
6/25/19,0
6/26/19,0
6/27/19,0
6/28/19,0
6/29/19,0
6/30/19,1.7
7/1/19,0.9
7/2/19,4.4
7/3/19,0
7/4/19,0.9
7/5/19,0
7/6/19,0
7/7/19,0
7/8/19,0.9
7/9/19,0
7/10/19,0
7/11/19,0
7/12/19,0
7/13/19,1.3
7/14/19,1.1
7/15/19,2.9
7/16/19,0.4
7/17/19,0
7/18/19,0
7/19/19,0
7/20/19,0
7/21/19,0
7/22/19,0
7/23/19,0.3
7/24/19,0.9
7/25/19,0.6
7/26/19,1
7/27/19,2.7
7/28/19,0
7/29/19,0
7/30/19,5.2
7/31/19,0
8/1/19,4
8/2/19,0
8/3/19,0
8/4/19,9.3
8/5/19,0
8/6/19,0
8/7/19,2.3
8/8/19,1.1
8/9/19,0
8/10/19,0
8/11/19,4.6
8/12/19,0
8/13/19,0
8/14/19,0
8/15/19,0
8/16/19,0
8/17/19,0
8/18/19,0
8/19/19,0
8/20/19,0
8/21/19,0
8/22/19,0
8/23/19,0
8/24/19,0
8/25/19,0
8/26/19,0
8/27/19,0
8/28/19,0
8/29/19,0
8/30/19,0
8/31/19,0
9/1/19,0
9/2/19,0
9/3/19,0.4
9/4/19,0
9/5/19,3.3
9/6/19,1.7
9/7/19,0
9/8/19,1.1
9/9/19,0
9/10/19,1.8
9/11/19,0.5
9/12/19,0
9/13/19,0
9/14/19,1.3
9/15/19,2.3
9/16/19,0
9/17/19,2.2
9/18/19,0
9/19/19,0
9/20/19,0
9/21/19,0
9/22/19,0
9/23/19,0
9/24/19,0
9/25/19,0
9/26/19,0
9/27/19,1.1
9/28/19,0
9/29/19,0
9/30/19,0
10/1/19,0
10/2/19,0
10/3/19,0
10/4/19,0
10/5/19,0
10/6/19,0
10/7/19,0
10/8/19,0
10/9/19,1
10/10/19,0.6
10/11/19,0
10/12/19,0
10/13/19,0
10/14/19,0
10/15/19,0
10/16/19,0
10/17/19,6
10/18/19,8
10/19/19,6.2
10/20/19,2.9
10/21/19,2
10/22/19,1.9
10/23/19,2.1
10/24/19,0
10/25/19,1.3
10/26/19,0.9
10/27/19,0.9
10/28/19,4
10/29/19,10.7
10/30/19,0
10/31/19,2.4
11/1/19,0
11/2/19,0
11/3/19,1.6
11/4/19,0
11/5/19,0
11/6/19,0
11/7/19,0
11/8/19,0
11/9/19,0
11/10/19,0
11/11/19,0
11/12/19,0
11/13/19,0
11/14/19,0
11/15/19,0
11/16/19,0
11/17/19,0
11/18/19,0
11/19/19,1.9
11/20/19,4.4
11/21/19,4.7
11/22/19,0.5
11/23/19,0
11/24/19,0
11/25/19,4.9
11/26/19,2.2
11/27/19,5.3
11/28/19,0.4
11/29/19,14.9
11/30/19,0.7
12/1/19,4.6
12/2/19,0
12/3/19,0
12/4/19,5.8
12/5/19,9.4
12/6/19,1.3
12/7/19,4.2
12/8/19,14.4
12/9/19,0
12/10/19,0
12/11/19,0.4
12/12/19,12
12/13/19,13.1
12/14/19,16.2
12/15/19,0
12/16/19,0
12/17/19,0
12/18/19,0
12/19/19,0
12/20/19,0
12/21/19,1.1
12/22/19,0
12/23/19,0
12/24/19,3.9
12/25/19,3
12/26/19,3.5
12/27/19,8.1
12/28/19,0
12/29/19,0
12/30/19,0
12/31/19,2.7
1/1/20,0
1/2/20,3
1/3/20,3.1
1/4/20,0
1/5/20,2.6
1/6/20,0
1/7/20,0
1/8/20,2.4
1/9/20,0.9
1/10/20,0
1/11/20,1.8
1/12/20,6.5
1/13/20,16
1/14/20,0
1/15/20,0
1/16/20,2.3
1/17/20,11.4
1/18/20,0
1/19/20,1.1
1/20/20,1.7
1/21/20,5.2
1/22/20,2.7
1/23/20,4.5
1/24/20,0
1/25/20,0
1/26/20,0
1/27/20,1.6
1/28/20,0
1/29/20,0
1/30/20,0
1/31/20,0
2/1/20,1.4
2/2/20,1.2
2/3/20,1.9
2/4/20,0
2/5/20,0.7
2/6/20,14.1
2/7/20,8.7
2/8/20,1.2
2/9/20,4.3
2/10/20,3.1
2/11/20,1.8
2/12/20,1.5
2/13/20,0
2/14/20,2
2/15/20,1.3
2/16/20,12.9
2/17/20,2.3
2/18/20,0
2/19/20,0
2/20/20,0
2/21/20,1.3
2/22/20,8
2/23/20,2.6
2/24/20,1.1
2/25/20,0.3
2/26/20,1.2
2/27/20,0.9
2/28/20,0
2/29/20,1.1
3/1/20,14.2
3/2/20,8.3
3/3/20,0.6
3/4/20,0
3/5/20,0
3/6/20,1.2
3/7/20,0.6
3/8/20,3
3/9/20,0
3/10/20,2.2
3/11/20,9.3
3/12/20,3.2
3/13/20,6.7
3/14/20,4.1
3/15/20,0
3/16/20,0
3/17/20,0
3/18/20,2.7
3/19/20,15.8
3/20/20,8.3
3/21/20,2.7
3/22/20,4.6
3/23/20,5.5
3/24/20,4.3
3/25/20,0
3/26/20,0
3/27/20,2.9
3/28/20,4.3
3/29/20,5
3/30/20,3.4
3/31/20,0
4/1/20,1.6
4/2/20,7.9
4/3/20,2.8
4/4/20,0
4/5/20,0
4/6/20,0
4/7/20,0
4/8/20,0
4/9/20,0
4/10/20,0
4/11/20,3.4
4/12/20,1.3
4/13/20,1.6
4/14/20,0
4/15/20,5.9
4/16/20,19.4
4/17/20,3.2
4/18/20,3.6
4/19/20,2.1
4/20/20,0
4/21/20,1.1
4/22/20,0
4/23/20,3.7
4/24/20,3.1
4/25/20,1.1
4/26/20,0.7
4/27/20,0
4/28/20,0
4/29/20,0
4/30/20,0
5/1/20,0
5/2/20,0
5/3/20,0
5/4/20,0
5/5/20,0
5/6/20,0
5/7/20,0
5/8/20,0
5/9/20,0
5/10/20,1.5
5/11/20,17.8
5/12/20,0
5/13/20,0
5/14/20,0
5/15/20,0
5/16/20,0.8
5/17/20,0
5/18/20,0
5/19/20,0
5/20/20,0
5/21/20,0
5/22/20,0.7
5/23/20,0
5/24/20,0
5/25/20,0
5/26/20,1.2
5/27/20,0
5/28/20,0
5/29/20,1.5
5/30/20,3.7
5/31/20,0.5
6/1/20,1.5
6/2/20,0
6/3/20,0
6/4/20,0.4
6/5/20,3.2
6/6/20,6.6
6/7/20,0
6/8/20,8.3
6/9/20,2.8
6/10/20,0
6/11/20,0
6/12/20,1.3
6/13/20,2.1
6/14/20,0
6/15/20,0.4
6/16/20,0
6/17/20,0
6/18/20,0.8
6/19/20,0
6/20/20,0
6/21/20,0
6/22/20,1.2
6/23/20,0.3
6/24/20,0
6/25/20,0.8
6/26/20,1.5
6/27/20,0
6/28/20,0
6/29/20,0
6/30/20,0
7/1/20,0
7/2/20,0
7/3/20,0.8
7/4/20,3.6
7/5/20,0
7/6/20,0
7/7/20,0
7/8/20,0
7/9/20,0
7/10/20,0
7/11/20,0
7/12/20,3.1
7/13/20,3
7/14/20,7.9
7/15/20,1.1
7/16/20,3.5
7/17/20,0
7/18/20,0
7/19/20,1.3
7/20/20,0
7/21/20,0
7/22/20,1.8
7/23/20,5.5
7/24/20,3.8
7/25/20,6
7/26/20,8.9
7/27/20,6.7
7/28/20,1.2
7/29/20,0
7/30/20,0
7/31/20,0
8/1/20,0
8/2/20,0
8/3/20,1.2
8/4/20,0
8/5/20,0
8/6/20,0
8/7/20,0
8/8/20,0
8/9/20,0
8/10/20,0
8/11/20,0
8/12/20,0
8/13/20,0
8/14/20,0
8/15/20,0
8/16/20,0
8/17/20,0
8/18/20,0
8/19/20,0
8/20/20,0
8/21/20,0
8/22/20,0
8/23/20,0.6
8/24/20,0.5
8/25/20,5.8
8/26/20,4.1
8/27/20,0
8/28/20,8.8
8/29/20,11.5
8/30/20,1.6
8/31/20,6.7
9/1/20,1.4
9/2/20,0
9/3/20,0
9/4/20,0
9/5/20,0
9/6/20,0
9/7/20,0
9/8/20,20.8
9/9/20,5.3
9/10/20,4.6
9/11/20,0.3
9/12/20,0
9/13/20,0
9/14/20,0
9/15/20,0
9/16/20,0
9/17/20,0
9/18/20,0
9/19/20,0
9/20/20,0
9/21/20,0
9/22/20,0
9/23/20,0
9/24/20,0
9/25/20,0
9/26/20,0
9/27/20,0
9/28/20,0
9/29/20,0
9/30/20,0
10/1/20,0